X1,X2,Z
3.9293837119572324,-4.181055609489511,31.286495718177235
-4.277213300992411,-0.049603684102691226,-9.973241280448686
-5.462970928715938,-2.11109931345838,30.196977531442304
1.0262953816578246,1.3999186876212866,18.54572223580743
4.389379395711261,-0.0006405256860890773,7.684858890264575
-1.5378707975107808,-4.639551474041327,83.63107674609998
9.61528396769231,-1.8136609942960313,2.4864461760612295
3.6965947716972654,-0.10940809260440965,11.922249380443953
-0.3813619703127813,0.7220384258430972,2.987754420144015
-2.1576496361169895,-3.9512870607199946,55.693872686434574
-3.1364396769826115,1.499712904268959,4.258601253872193
4.580994147680833,-1.5630232227673901,19.17572020393351
-1.2285551064075122,-3.1707870604632027,39.4391625727703
-8.806442067808632,3.053266882790332,-17.34820045994891
-2.039114893391371,-4.313766131268634,68.53582680042709
4.759908114640714,4.297698533372969,101.15697245738396
-6.35016539093,2.0626616013039554,-13.92652932610646
-6.49096487705015,-0.24408979707651302,-11.210167260603432
0.631027476836767,-4.888391151158808,75.82137985530902
0.6365517419373212,-1.0987468895360197,12.394189496758173
2.688019171026422,1.457984135282456,21.764457345089635
6.9886358815557905,3.5891309804128877,86.78879383620162
4.489106497212704,1.177639941094255,27.907074625277346
2.220470213551657,-1.022925787492147,1.5979399938009085
4.448867651404431,-0.5264061325519638,7.159829561877934
-3.5408217229364354,3.732953268532846,20.553700295637377
-2.7642268875537184,-1.486426904932033,8.414860559885838
-5.434735382420888,-4.348424013781928,87.57408746699404
-4.125719072223413,-0.5732744315007725,0.15119518599953485
2.619522477089756,4.984591260097076,96.21088575857688
-8.157901201098497,-1.2022713732718215,8.572441388253091
-1.3259765464094357,-3.069452833109243,39.650601093180185
-1.3827447334071241,-4.54869863402193,78.80302315677908
-0.1262980469938757,-3.290311173946386,36.01634620927419
-1.4833941940834414,-1.7593559563048022,14.926520977475638
-3.7547755405506944,0.7427833546209159,-12.5133902498829
-1.472973860743835,1.6558841575628342,16.445745214246696
7.867783262342694,-4.571810758047884,37.0099440524898
8.883200364077592,4.361801031938363,137.80328413916646
0.03673351768673072,-2.643616551387481,25.269719581437215
2.479059035842223,-3.509379923315695,19.204306174709792
-7.687632098414086,0.3082943406228953,-8.468895383982073
-3.6542903635935815,1.7758581900429675,0.23248990555319526
-1.7034757609273647,-1.9274721064010203,21.72765701316819
7.3261831576673195,1.6944121874468987,44.85958456647282
-4.990892692069866,-2.057061469851762,20.76543574832199
-0.3393147147459139,4.021715201612055,44.61991611040254
9.7111957122141,3.80694737171234,127.24600143751209
0.3897023851961876,-4.288056232589822,64.69585431289849
2.257890515259353,-3.4959747980396036,39.96042227279906
-7.587426680193525,1.9805868614722026,-20.011728925598778
6.526816010136663,-4.998798985110251,42.44498551884478
2.0612025682185475,3.218136150267096,44.88159961128558
0.9013601293292979,-1.4376018753471342,7.550369598078715
-3.1447233245138317,2.4461989475450068,7.461045261939387
-3.9175842194563177,-4.557627931455052,84.84031866245324
-1.6595557795059683,-2.907355706019276,42.48343941614011
3.6260153158559323,-4.291948204048014,49.93226406041872
7.509136835903497,-3.201762048954807,11.699364653201464
0.20844674956022224,-1.1557876772521656,2.984738365351835
3.3862756592454453,-0.08448188996046291,8.622752722398676
1.7187310512442586,4.1609136014192565,76.43121994255407
2.4980700419119977,1.2717401998602842,16.99384159258665
3.493781019756497,2.064798139812818,38.32860486562873
6.846848752405144,-4.178893233274566,25.3353679929779
-8.336100233351225,-2.132129118665765,30.342007119869063
5.2736568288667645,4.917319129530874,129.62648620020076
-5.126672509262519,0.6042230164419138,-3.8754027215924642
-6.115540788424583,2.8781743340050276,-1.6156072368813241
1.4491391498294615,-4.675175339935934,69.85874692500619
-8.085749667752257,-4.159237858667309,88.52125601427859
7.706536525502791,-3.9076680189832445,20.315707933288405
2.544979441025374,-4.8471415566122475,56.202863801544375
4.468327163799096,4.219789686573339,94.4612042097104
-9.677415866099663,-2.4636471382688176,39.738032514354565
1.888637588900849,4.9656913113163945,94.79933299914967
1.1357038478857735,2.381298505423592,25.82190738268324
-6.820807117105545,-2.4938920988390443,40.69281552208861
-6.938589697504538,4.918046356850356,17.03531655959443
3.910590575418219,3.685338575255553,77.17972808232592
-3.624671472362473,-3.350019945790158,43.24508754306227
3.839405910636394,-3.1467808874125147,25.267502471014172
1.0876649943554426,1.801861414673155,17.934018185204348
-2.2209885175371085,-4.217197544057298,74.54044662802539
8.502649792279723,0.8452486239360226,25.917461115091378
6.833399938254324,-4.333970753509513,27.798955677695936
-2.8520486663364757,-2.787023937311295,31.58825026268244
-9.128170724019188,4.484399533255527,-16.661240887653342
-3.904638531778051,-0.014283626506355063,2.06288734253347
-2.0362863616403803,0.737129695138985,-11.455794934255408
4.099176609027245,-2.3031672213973167,13.910196285116962
9.907169640680348,-0.5993835483908985,21.23843282558066
-2.881702685650809,-3.6699759392742526,60.40702162401667
5.250956275708676,0.16616310303083637,14.148126562120028
1.863538331244424,-4.460442072000954,52.546509185603284
3.834035974003543,-4.5175063143633025,49.64230713322196
-6.977450953038396,1.7964773960694744,-17.319974730032847
-2.0224741454768687,-4.450183895228092,74.21505019429948
-5.18288204552751,0.2128384561911032,-25.89142936984453
-3.1308797190335014,-2.3397350584279577,20.513603531843597
0.2625630839800426,-3.1230605699293426,29.239532202014043
3.332491003281433,0.7331889005464696,20.15774733017704
-7.881830298863724,-2.035367026502751,18.52432392484747
-7.382100986718385,-0.436176252729946,-9.596744888911115
-3.560387870633839,-3.610261612855059,55.490168453170924
3.2312867333248736,-3.735143115467773,28.774502267708257
6.93012450541444,-3.9347106514501364,27.618310207644466
1.0651468959342676,-4.284398875661677,53.39622532510567
7.089049750490094,0.5371371870076525,34.91986659775458
-2.303243774484778,2.5600549148757867,8.061916549734796
-3.6642420576324053,2.9236687219885615,4.36407141616275
-2.9147064881664297,4.578448081393994,46.06209047921638
-6.578363415898019,-3.316076398091244,54.27721006109443
6.582252690037809,-3.6438104611115896,29.57768919734574
-3.2265830817134677,-0.30045220689811103,2.6863741452855683
1.0474015058814619,3.610075256721501,50.34513078247555
1.5710293621766596,2.670692739263102,35.02947292772741
0.43066118794664554,0.581781082188324,21.506094542228052
-9.946238708513587,-3.432167343922632,74.0958459433587
9.7669083856564,-1.087374308942779,12.902922629725467
8.106831513232198,2.193457766547499,61.65753898861684
-5.84728277607351,-1.2658731505763798,14.401426516393574
-4.150211744151504,-4.608806497233379,81.52252120653208
0.40020306144966966,0.8388396107320126,7.508980956084631
8.038227453213413,2.201345796929494,47.988314907678685
9.672617698234465,2.147714916424567,66.67727332066399
-4.849158716918338,-3.3513416146527177,57.61256959112265
1.287180858495633,-1.6400841059606632,19.388516233868483
6.139373682743582,-0.9082770770308022,14.419121727322956
-2.112598920944504,-0.7951858727287417,8.391470057177393
4.621460716891141,-3.8584151049532234,23.5782445949016
-6.778619711415703,-1.144684692986452,3.6208739941170864
2.0139713566717976,0.066321865438292,16.613519068380498
7.317289166065294,2.1056067211637153,53.427017145487646
9.67043218407111,0.6944768884410006,35.18168428302285
-8.412684192439686,-0.9506943960110092,-1.14488123710335
-1.4330545059810156,4.275973627545341,43.125430039361774
-5.9091428090714455,0.9808356663173807,-14.977362974330859
-0.9872701896253044,4.74790883705413,60.3168914792206
0.9552714525770796,3.6737635635013994,57.45183022936596
-8.133465792603584,1.7362610162511434,-22.329006020165053
-4.062784490386411,3.993134954247056,25.46936029973149
8.55168480304295,4.912396781183261,150.57601184703242
1.3800746286039072,-2.7912273303585557,31.48211199550926
-0.851760049527762,1.9105651990380412,11.913524497656821
5.070519815962291,4.187792778591289,108.80203602530473
4.837243036840746,-4.825998399835343,49.26459631440597
-9.028419343114624,2.994889965325843,-34.17443378648715
4.17394790885492,-4.105970501089924,44.63881974427454
6.7848669561016735,4.1655429744521335,112.3365198599809
-6.681242315860922,1.1201337340415325,-26.584788638595196
5.619958759999147,-3.3793056143342124,22.737672947071218
-4.269267665417962,-4.605898324289466,90.7562225986699
-3.8706049334088544,3.278214837762212,15.846419631673566
3.3052293069936596,-3.6050805905521055,14.789380618091336
-7.772156567845685,4.3954137384682195,1.9162544030582227
3.297448976065887,-4.091347432997497,39.202771525406476
7.757135853524453,3.3797848379323234,103.7405231140896
3.9262253647081273,-0.7646745676949003,1.511800283504698
-1.1934424666918186,3.727353473901136,40.34672844824121
-1.2357123124555063,2.6857424178243257,21.24859907288358
5.301921904786131,3.5288228236020114,78.91535625923987
1.3128400245176568,-0.29757907589759114,3.436299860782115
-8.301916736163648,2.1376831672869905,-26.383792134449166
1.6534217572280934,-1.8133240730956945,11.940390430806223
6.2968740578681945,-4.5282673218658225,30.071279359157764
-3.2586723310478005,-2.6759988914595114,38.01083170770877
8.55153159150779,-4.986383608947463,27.272300498658606
5.014340006863359,-1.3697184401148599,15.470669759589189
1.4812765029992896,-0.06171163015966208,-1.10781282594108
5.032879775858367,-4.805929123701907,47.189179640563836
-8.417020785235895,-4.922701847735532,122.20513186730938
7.187781513612229,1.8646356843230594,49.8310807253579
6.430082264011158,-3.995641581281806,31.9986427669049
8.197433192204176,-4.261544937737786,22.46483116967308
-7.4273760498124,-0.04401824694986978,-11.648176223124393
-8.364398258120296,2.181593095808106,-25.818959369268295
-7.231688544368204,4.771652386329633,11.987000827117356
-2.0124257979439975,-2.04602699835311,13.682009369571624
-1.5138627783801617,-3.824820260178934,49.44206155105192
1.2443675746181135,-4.31463415960036,45.499961413871205
-7.555129007349899,-2.9248930341224866,58.83789955614864
-5.972009972372582,-3.9994534294579154,71.0713032641942
6.232886965680432,-4.96615638599073,35.596506290693334
-0.6402485188650111,-2.1492630783995423,15.597096363452174
6.158764189672205,-3.3579311633148734,17.06129793175672
-9.851472429107739,-4.817500979048692,133.43849930583843
1.0318545196481104,-1.4536801655284415,8.828791308987096
8.638642961533563,3.2591578699168924,97.83451417996409
1.643509182917402,-1.9633848472007944,6.057497977898635
-5.878085451094517,2.100997364935841,-10.998446726304552
4.355151245591152,2.2873494765179325,36.104853533405674
-2.4202830060216467,-4.744435363039892,83.3447739094832
3.367678945189196,4.617851029340253,95.23680689829436
-9.413605542124575,-3.609906070099891,76.53175958847731
2.7180071870271227,2.174649893036351,36.66143543440729
-9.35604130124152,-1.2055686504748122,0.8876500845358333
4.89561310283532,3.682225427483898,76.82561293656079
-0.5417399552308986,4.949610284237348,74.35828853605578
-7.564912890538926,-3.0667703264221515,56.32161904001472
0.8527185157701194,3.19455618048128,48.49396638491404
-8.664511135499906,0.05502947579409323,-15.394601451842666
3.0672974270608133,4.654310642829936,90.07925674868821
9.92172654735651,1.5808899743324636,56.801958065526875
5.3879467414792455,0.9323790164629822,21.94607950990316
1.475482273176489,-2.7047655239679758,19.28988280188735
-7.947294815784083,2.1870006431082007,-15.575897130510072
3.9966814954582937,-2.1179871293843497,16.847175530621588
3.223357346558622,3.4575861274078576,60.38858432477431
-9.018057387544474,4.7726365909836606,-9.355358364086726
5.845986036891812,-4.922070185207249,45.782381494512855
0.37433181781010205,4.546330818934624,71.1342678901003
-1.482646116001618,-1.4153970683586792,9.162855733565372
5.76374347202931,-0.11684320489690414,6.057949920251854
-1.7686155358232565,4.24085513698029,39.28491151122305
-0.37947448989692845,2.7595768870520123,22.85607833326908
-6.367423146523508,-2.5677751188981657,36.71128581269057
-3.5736220098714266,-4.03147311954495,62.810052318513144
6.910659931251374,3.4122622774490736,90.05482239581077
-6.261925021465693,2.470601324732332,-14.324675011655831
-1.6541787819331173,3.5833942317657836,27.525047529208774
9.78069014790599,-1.1595867161002325,5.23158617775191
-5.268003765889613,-0.0788628936697151,-2.6617173505665885
8.33664665877658,-0.34981372026804625,19.78720908993115
8.36794935611266,-1.8527832944869917,12.77942576598236
-8.174073155935965,-1.6432762199450024,19.64775507725017
-0.7269455022896807,2.1864925918488334,18.624839398871345
0.04432670645574177,2.530711267273027,26.380812209323068
-3.7266209989574506,3.638539865096316,8.132438058550544
-9.05320925524526,3.4490203807560107,-25.651842995996052
-5.166287255092044,2.539377105246219,-12.827905933081684
-8.089407168892782,-1.672221821307609,24.347148282548687
-5.235001885751764,2.1004633782310167,-8.798127804154486
6.155821725803122,4.726244921082927,134.3134775912221
7.899565757720232,4.162399148722233,116.94593875418624
-9.135542158407064,4.71487726389655,-11.649667579514505
-3.9610632747456194,-4.637924800562914,90.48245446389535
9.611643971885751,1.115991369074755,42.39485499616781
0.7900964510747066,-2.846570990262732,28.45444065300687
2.526187234197126,-2.5344026560099477,27.129218766415562
-9.88909183186191,3.440609081355756,-35.4611269711949
-0.3018111311488152,2.5019167979172083,8.852868784131948
9.76657069244775,-1.7119758106238003,16.24864644271834
-2.4962894503440385,0.19915363650133067,-4.577621253779654
-8.059236827222776,-3.116701229392466,61.3128544776123
-0.7618247686310315,-4.9617279619988945,86.26210095572705
9.260089319845164,3.9995810697919474,125.98140777339398
-3.1633877286996714,2.096423193928051,3.812220006190854
5.978454664300264,0.28818447000421976,14.087735556351348
5.976926624261239,-4.459011374443776,37.05491063004828
-5.835034065221267,-0.7915982257768928,5.108520066709083
-1.1326459639757651,-1.1995809897566492,5.218078943087341
4.3120255030860974,-3.284530034900367,22.842542256887633
-1.7896042917214423,-3.4381172119803893,47.675012882263346
-6.179860892591577,-3.268222027729164,61.59620867689705
9.349886136128369,0.9683559577496004,40.07816477192074
3.015007329525867,-3.7529604815988336,34.15804752617242
7.309197030457987,-2.6145074333660387,10.728337593518457
-9.495152844007126,4.462721810039641,-12.003106621492686
-4.661883704177305,-2.80538215547974,35.696726059271775
0.04142200653485695,2.6385659649848563,24.631715127236166
-8.651027297398965,0.9804000954853374,-25.30200742691354
9.860665221895836,-0.868431905530473,13.117295260861724
-5.270752076039422,0.9528589349768541,-9.282630505047273
-2.514156353091039,-3.663799700783419,59.22841098507204
-5.719761701833075,-0.1581211207190405,-15.630770265123754
-7.891082677890983,4.721335039087354,2.983625161777199
-5.350404287915285,-0.7227918489163789,-2.790630905682825
-3.987797289935906,-2.5711875557908526,35.2028339372905
2.6888453579887823,4.2750688062276545,88.64700392848762
-4.37530437094183,1.1077431996631146,-2.361419187735579
-2.754464780468475,2.278572444454115,6.44217017174226
-9.881143125529404,0.4340462456907854,-16.457912766222705
-2.6856174814527094,-4.88797989973059,86.2797542572109
0.6777196339658929,2.5570011041846987,28.2304475579144
-6.759683258989382,4.786971759219734,19.2856655430491
1.9486621672075,2.1618760749701282,25.291320352345952
-4.136950627456413,3.0875737053877366,7.152068762156914
2.641009896034559,3.515866695612022,59.448256898996036
-9.476067894983125,4.992012625846259,-11.124083833902022
7.7518692093554975,-2.113865010297895,11.359762610635425
-9.677627391532521,-0.5061580768118157,-7.586647410067391
-7.460839379280772,0.4282608999885609,-14.181280976736483
5.5432492314120445,-3.475443056955897,20.90182485975998
-9.082095355956588,-0.1902399941781585,-19.58909192014911
4.2199738719102005,-2.230191132071846,15.209653381616334
9.42092281020258,3.369323505357144,107.70942345477404
7.433658662846145,-1.5293640227716487,16.741892414374835
4.203233026413971,-4.183153378869764,38.86930265566044
9.170194860433337,-4.899145810793401,20.982553488086673
-1.4037332422683608,3.6054348754388403,29.82837128695834
7.457578286436146,3.5884571379946166,101.38999224441517
-2.8808466405277073,4.340887055732862,36.587415620539225
8.595273058076934,-4.274544670267914,23.29087899144495
-7.024446875157928,-1.0524135077915275,3.597362295662058
8.800580298565471,-0.7180605646105356,24.018013603750784
6.6543239456642524,3.608837840751683,102.04128371985958
6.921096763929281,-2.3857960748946416,6.491795893517432
-7.521539801521113,-1.9779560199695423,28.554917808102093
1.9297379668347396,2.3272726918767734,33.36492213884795
-9.672150382481373,-3.199475093651646,62.85212586238084
4.423687321012135,1.353748361771526,24.029677772015113
-9.84524971748192,2.4220923499606375,-24.752408248759696
-8.303554451095327,-3.1954653428324145,64.65275978156264
-5.490031790999527,-2.78055232286638,32.826830789109145
7.502490677464493,1.9980924794797748,61.38556386589988
-2.728473640247733,2.945043175557255,13.317790274582526
0.7991987042511699,4.533548269224818,70.70343312009909
1.3620642763795683,-1.913501026358122,9.916231177264017
-5.4907327938808015,0.48633584114456596,-4.553306605030655
1.4429353596892227,-3.531872444409665,39.66332176337081
3.219035900592065,-0.63104840674111,5.214955260327073
-4.035092133653411,-2.38879315428305,24.45182569154609
-1.6274628203994812,-1.5119981961435478,10.35695574965913
-0.9382215090773993,3.033655987565581,23.900870758307583
8.64701323084163,3.0322972419814,91.84787927051703
1.7498749495900494,2.045056792616986,28.308097197519924
8.965047432362823,-3.763606915279316,11.634684620266444
1.1206950753029368,-2.1597492125120565,9.316762550043114
0.011228416982023148,4.392958226326295,56.32069538458355
-9.929355780675033,-0.4747384897236202,-2.7615330654533805
-0.3822191225007572,1.2184475145791707,3.016781514892589
8.549099971253035,-4.816909449794786,30.491365221272357
-6.032686219465617,0.18020048107599607,-17.414382906194014
-8.958177312210022,1.8914287017219378,-25.6141783701549
-1.8644221305226303,-4.411182171670393,81.58083071574174
-2.5520703881177598,-3.8471546695486083,52.38463448903899
7.143061157424874,-1.316307029500349,13.128908827655566
-9.467777688800808,4.4445876327843195,-16.430719473923673
8.402984595180097,-2.512019962549008,13.663424225738765
3.6180599798991295,-4.783973273588571,54.27606584123244
8.084519881284354,3.092784724322966,88.73463591439385
2.1505814164127752,3.4924837718238795,58.069668208143796
6.239066248722487,0.3669550094762206,24.18049945087194
-3.2891225292142767,3.930472188945224,21.180319360003967
-3.0086754394488047,-3.209659253394155,45.3358649437509
-2.202515393434153,-2.253313767897782,27.32330340039539
5.0959416314556645,-4.79550265095408,53.36597084182786
-2.6141765114270443,0.834322817573919,1.0669745775636796
-5.155603870154655,3.873887484571002,4.0916783572348985
8.753367135811917,1.0640125891921581,32.105751009388854
8.1602216732608,-4.19714179645953,24.83715774966051
-3.024053678260179,1.932235438882179,-3.6705002778927582
2.6927614051609456,1.7594061284192728,31.000216992825756
-4.523155766938485,-3.3325578982019612,50.44311079678514
-5.877697425728618,3.2898429088054257,1.766832165153902
-3.273209420064111,4.123903621811566,39.85480725536221
-3.4580021476899763,-1.083009142475364,6.908680647689567
7.645522023932326,-1.9123588330304164,8.750918670934796
6.4460762944745085,0.7467375184372465,31.852758622977944
4.192464571181958,4.725171919229126,115.40137707629474
9.186904505177939,2.249631190795638,78.06509171728528
-1.5491329378388379,2.900625524495016,21.385285710462203
-5.099339228886475,2.6858347196270955,-7.265862348171128
-7.652031256170215,4.569939572725252,-0.06643180494286133
-3.9789328359760034,3.1619219964671874,5.045627612871171
-7.094725320590925,-2.3168576180331115,32.76928815297112
-8.156278052632599,-2.6869894799809533,38.87973283681987
2.0586439341384644,-2.579093552154733,25.618337857088196
-2.7162510048710615,-2.8706509251072285,39.472971654589365
1.291406851922872,-2.9173659185421563,28.159792426290633
-6.173285585588868,4.345023776963968,9.184397452689804
3.5381171930552124,4.516624435158816,96.26422851293891
-5.689891054486804,-4.101455956033271,85.65257311838492
-4.439528125119279,-4.359256503876425,88.09694574332906
4.835208442897535,3.5703032050498855,79.53493638779443
1.1947579128942376,0.637418628287012,5.467515388278534
-3.3032717426596143,-2.884336813752675,31.75903392401262
0.8597756509038703,-0.3818331413326206,8.102608254017346
3.8796940571648513,-4.26253700989315,39.270734450782705
8.242642429552582,4.822166834654663,153.2459285952746
1.6142642678890784,-3.600485680094936,36.467339176000095
-5.346272422142382,3.065533350386561,1.7849465034109269
4.933952615529931,4.581798185048573,112.79316798742346
5.555380351094151,2.110111126922355,52.042437755526045
-5.99197370074692,-4.11449025672102,69.61449267036902
6.411484393557721,0.8998498037113176,27.770966025270642
-0.7013029055434714,-3.7078350008456953,59.82592922478973
5.595333241778903,3.6695003277497342,74.86867513780433
-5.250435600234682,1.7282635620588591,-5.938130093455776
-3.3483946056464724,4.420561490330616,36.81464478970653
9.073942385833057,-3.5411414308155917,18.997267957567708
3.156301462996101,-0.4631564205231289,8.895393626439668
5.457556610030835,0.43563123974962625,26.002432374510704
3.7674868644125823,-3.9166196990856084,42.505512447508494
-5.913917643031345,1.7690569193711658,-12.148333061124198
-0.5862250310691479,0.6643561492154149,-1.2525954813068854
6.179277454235702,-1.5195794111248828,14.766088146397614
3.5007025381874364,-0.8708261739653578,4.836479679457577
-9.879442286934042,2.962289176040044,-33.01894336708366
-8.251845146943545,-1.4358677719303001,17.188837460513334
-3.0641055957288117,4.726331451146793,49.62378632920198
8.887310792371803,4.181846335524408,129.24639514515533
-0.1761903805083307,-4.219138832095086,62.300988888696764
-4.596474651393326,3.524168263965496,1.0555283471673906
-2.7915256109258024,1.7377893447851802,-1.1618455011946383
-5.786947448918736,-4.446805030144631,98.69306504769192
-1.5759988565997478,4.553661368178343,60.007590429763354
-5.6392912090105085,3.3348698040028673,2.2221036396463405
6.9150501460585545,3.326839632564564,85.83240801609983
-0.8745880191687423,4.156449921115078,53.86258143018284
-4.403959631284595,4.210843010221293,21.452962401393222
8.657832962829634,-2.8092046853558394,10.349264469488007
-3.7129729274160646,4.373626095513753,31.04305142635057
8.194293240866763,-4.520698706158791,23.255239049213674
-9.131638180594459,3.81432305437478,-18.232998269862808
4.142301205353522,-0.43287477582364353,5.807361263972487
-0.322219219307474,3.31167748366415,39.535779899681586
-1.1155787734403955,-2.269587014560358,17.216760397121845
-9.273533112960369,2.5486305214241236,-33.123106500896455
-9.186336190172376,3.046999058512391,-41.71043595558524
-3.344927658761181,-4.1906262841626685,71.23978603245516
8.942390798148665,4.144144607526419,130.9403709620275
2.3531995422938223,3.1725059747255564,55.23445351533593
-2.6225031663814624,0.9546202981850964,5.288031324827832
2.2395407810981105,2.079293999505097,21.98340059385916
-5.87736927429545,-1.5417971674831388,18.893381352827397
-6.6986711434392525,-0.294396373312642,-7.499409145056532
-2.7636546893728315,-3.5263716603205877,51.036791753627384
7.267067030808633,-0.0009271411088214165,18.997688467649827
0.1880345470044773,2.8282134614362944,27.922572645838592
-4.061969678862889,0.5839641845320962,-10.108519352358641
9.005032501383013,-3.665156040100258,15.198981078071553
6.319321793341196,3.2955199190309816,85.51389968723679
-3.5405211439514765,2.3798676752843075,-4.027548132339626
9.441964904559846,-4.626450246390164,22.474590385561612
9.747021956607817,3.048816811146205,93.81016108344089
-1.8267973250844385,3.6524448530969718,36.83865972218377
3.118462057769495,0.1237956344259672,14.32987591088349
-1.8869360309754395,-1.2140618767354185,16.627777880371465
-4.853037885188578,-4.1652090818678875,69.91787552045594
-8.346946480002636,3.282759783077413,-15.29490490210642
-4.72779307764336,-4.963411359355244,105.46307066307037
-4.570402929805095,-1.5651330407391315,10.312184149446754
-2.0272184063372105,-1.7226479340541525,17.532403768552236
-6.302279379493827,4.120123284372971,12.202603216332697
9.076368066289529,-0.5070893212548047,25.043431511845302
-7.942402292376849,3.886575384039565,-7.760426775540696
2.50417066277603,-4.10704765286055,40.22671680067492
-1.1660522390755883,3.46078817478295,34.09518746085603
-1.5296390204681405,1.1237835459366732,4.863028470180483
-2.56016434151441,0.3791908197959568,5.064925240435073
7.366294203448916,-1.9404417029173269,8.763357816564865
-4.390460387063806,-0.09630722864106289,-3.0409870036779285
-9.588476852127535,-2.26545518622343,30.535761352402833
8.361940319182132,-0.4418204316790888,20.108219000853065
7.2896055514721105,2.688169417869105,69.5744651823694
-4.461964199079942,1.2549048075480584,-6.668687713159363
0.46975096650036896,1.8053444649064962,14.641651240370722
-7.818236054713658,3.9221676046063116,-10.246726153340045
-8.131458624778485,-4.470606522871151,97.82281372515966
6.74932216867418,-3.0105696238899027,16.014722098055554
-1.7946856486153386,2.241939404823122,7.441264753975139
3.2343308040461416,-0.9176428962716283,13.039568805678677
8.864011169543055,1.5021324623372614,58.70687362126701
-5.097388168770756,3.977651120771341,16.08540754501002
-9.736803374182772,2.3600342661644644,-37.83271851408798
-9.517031884324552,4.33117273914163,-21.383239041683098
4.187713848063442,-3.480583951886959,19.80681179194207
8.491037695869565,2.5662929701257218,74.49324004872298
-0.65339453974258,2.026270109386581,5.153474103883793
-2.497817038049625,-4.924472617616615,85.19941849188345
0.8572084935480859,-4.570246005355245,68.9806660470959
7.178336751628816,-4.662304139168933,38.67171370962335
3.04307747585883,0.27617397991237613,4.973763759961447
-5.340402066357875,2.765097991089517,-7.1308067889040085
5.491604090411473,-0.9464240030162774,13.191720746559348
-7.3077300532706,-4.967701115064434,120.8350973906829
-6.688800585425742,-3.2510531065289694,47.81307063082331
2.253645656179792,4.4850490869533814,86.31590274917131
-5.224331877147376,-2.553375540064,31.08077487980091
4.095570951110613,3.5338560713782172,78.35863503361459
-3.0096294521608673,-1.2961239753153753,8.87093364522654
-4.451520799852293,0.2129682846185048,-3.3925868998653943
9.97836811945595,-0.10267480625803316,22.905969028872025
-9.18767750883081,-3.6551924603910555,80.4122573896024
2.916450433662243,-1.3383696931874702,6.5113207610585775
-9.226008299755113,4.99644250811526,-4.363266989093
5.204205158380082,0.6412650763172696,27.692799638198622
-5.398200850034183,-0.34764734384793705,6.558982847127217
-8.20336265855272,0.49143490966360925,-8.810380631577026
2.9689942381809544,-2.369909264716413,14.5524186489769
4.6520243458585675,0.6636621487283563,23.14219836198794
3.5619062983768774,2.283198659410708,43.99909666811747
-8.961981057315855,-3.9431606550447764,89.67960666129122
-4.113861088916877,-2.2155033775109754,28.936445512052785
-0.9782330756024997,-2.910777153072849,34.85225055157852
-4.25793420549007,2.4487923165538517,-3.8925888711739747
6.210269125407418,4.356665777276763,115.98180155216211
-7.377697896946063,-0.75312803173688,4.514669852985255
2.2435872338118372,1.3324593456511806,21.605778323431426
9.76429887254907,-4.687878397076131,16.314673195707734
8.051130771977377,-3.685123899551689,12.950462986001476
-5.556858750298028,-1.1554943630982994,5.476954528903928
-9.998362247726647,1.6439206453710469,-32.5681379167481
9.611946841239778,1.4032850523099425,51.15033862747271
7.654259693947552,-3.0784350749986213,8.508622131824719
8.389449326552253,-3.6710382859572666,19.986259600720565
-1.6899289832473325,4.380716468151995,38.79970114479126
4.892309243134621,-1.4464028005957328,13.089995416360146
-5.743370028617019,-0.39567981915818873,-0.0755819398441453
-2.1539185783214503,-4.046402811022514,66.10621652622642
7.030961027743505,4.102347263268291,97.47990869166254
-7.447755515639585,1.6801846441924395,-26.943233814235416
7.87730735747278,0.09970961485919361,20.199125573908216
-0.06984055249773746,-0.687342606820347,7.191055242603948
-1.4780868925485109,-4.485344882721593,71.93641957491235
-3.887072238137632,-2.857057919121898,34.30384816377801
8.336975705455522,3.5607919741835445,110.65624406641257
0.35246921522578134,1.222044127861329,12.45136088179748
6.080527366669553,-3.0612487972171367,15.380002103118725
7.153035745620649,-3.107967824326975,9.999498415227205
8.447647091830738,-1.4987448745844767,9.983767558757835
-3.9323853193384757,1.152965383306876,0.6158628699428563
-3.2037829191131078,0.4241525968463158,-2.730289692182511
1.9014775269522985,0.2703487521136916,9.633076346231334
-1.1735172908105778,3.689307998115366,37.323157816106026
8.65685065239484,3.612514566241531,108.97706373647179
-2.048718967330272,3.451985028044568,24.877010290856205
-0.44443903249579364,2.0245168375946054,10.193190728921648
2.3437217710653595,-1.075497864841537,17.021600418707433
-1.9052102805250488,-2.3065572988462146,26.929377186403684
9.84956871850213,4.556926395076488,164.90717844012678
-8.022974308820272,-4.54715037146164,108.1940665071173
-5.587933643855953,1.1838307329427602,-13.050712764312037
-3.546897377526996,3.46124122433352,10.702593147506665
-7.045543127207596,-2.2808709003732774,28.97101252148092
-4.3156153093688925,4.787460717284693,28.372136834375304
5.5849058571896055,3.859239719420504,103.67044450067924
0.45784001770435623,-3.006719115033649,30.886706498758308
-9.320927277435601,-2.2969068306666096,38.229723749447864
9.652451703743775,3.9730291010879633,133.9938346745792
2.3201295513329363,-3.9074820661217045,47.25128613680686
-8.821210427939581,-3.1152282837830345,70.43099617602383
3.2233754359396105,1.085494091516206,19.75301614302378
-2.4326125860953223,-3.5298565496972123,49.485286496002985
-7.286534057498555,0.7254517089836572,-15.100868985781087
1.2732918579838568,0.7554521321515617,14.444281705133008
4.541599010066605,0.9635440064684495,24.326880482819796
3.4225320894024343,-2.4929860882471413,16.3472594224563
-5.049736929992871,3.210808667597073,-2.071892593270302
0.4973244290581551,4.704436221833333,72.02750852148557
0.7532688814173856,-2.221139775264306,20.144613672442755
4.336067282640737,3.6549331916926437,72.52540757191997
-2.80265302117866,-2.0694796019772896,11.872818321942471
5.9546519038187835,-1.5107288607138623,10.838609798279624
2.558436977911999,2.8544344625497553,51.32774786700335
-9.233367859629226,-3.6266990178606537,79.53112555446504
0.9295804333816982,-4.381924270659035,58.26347601137807
7.238241908635398,-1.133673997818069,13.03843321658265
1.3514832511056252,-3.7031677943554673,33.10058925170238
-6.4834346908860985,-4.204472445692462,82.5068292026179
0.20752740695168015,0.887280202155786,16.443399271164722
5.138916730586022,-3.160252545697926,26.79960363697628
-7.79789607109199,-1.9909871051233816,21.026699247891372
6.341981574804766,2.2908856657288377,63.99312786506128
-6.650367176738778,-4.070042780524581,78.40647426664037
0.6815298443212896,4.939682344806663,80.4982959082477
-2.28513035126565,-1.912433319555109,25.636769878469963
-5.027524649772886,0.45629251849431984,-1.3327732717010283
2.948650260174645,2.9184948140378726,46.415769685128055
-9.252157824551212,-2.6299350264417223,43.49877585732387
5.200916134872902,-1.5883624325092938,8.870608308412374
0.5388127746874183,-2.9373123286580127,32.10773736426456
7.5154242108770575,-1.2142168824284072,18.602743493625553
0.4143663984269974,2.34936672498557,26.508325476701774
-9.299336629319036,2.1442689380949744,-30.28494549865252
-7.12798062235716,-3.1798082130185668,48.3444965116207
5.912091772816545,-0.2307603792992925,18.82733545326689
-0.160479022841038,1.8820676666199745,8.737793744691619
-1.1624145706828273,2.381498945220425,14.601683583429182
-3.6313043724501304,1.3603697183386307,0.6705120264514957
-4.309016034657391,-3.0517728780307807,48.10325572703041
9.31772624979508,3.680790554095264,119.9185743344016
-1.3406133843314478,-2.115522258622531,23.493828869571878
7.6800606535003375,-1.300781969983027,11.180393174544207
2.963262464115486,0.584978019298978,16.06406100991062
7.168552925473197,3.5937850491389014,97.18668760408121
7.048990895479751,1.4965031206615294,44.05268903142126
9.12624055579403,2.0168770447891307,65.7417999813115
3.95884472406188,-2.8363172031310837,20.875608646360106
6.107938707887325,-1.4743817585334562,12.798202618059342
4.66255790805163,-3.6310658195844123,25.059845655129436
2.104536718915611,2.3690341630748746,31.989837723369295
4.347082677834635,4.487578065608837,104.52353815724653
4.315008228496657,2.3486826148687463,54.99838865991962
-9.181844139274046,-3.7532128396347186,83.23320877346899
0.32221671063005,1.9336535236122154,17.122384752557892
5.853027214529492,-0.6677480887457188,11.08007604630523
-5.14075626979992,-4.078858180014636,79.8031908059542
-0.6970402705197305,4.994741732968478,72.73964360633191
-1.3002857807920982,2.241252907374011,16.284573220655105
-1.9442566143151208,1.2243796925672221,4.596061472988413
-7.56320944465177,3.73097873368825,-16.923462186240638
0.514230825402958,-1.7465890551925956,16.196881850332787
-1.0750326945933697,1.668450903172161,10.838780024404228
3.2678551455528133,-0.3171956753379952,14.266064641291809
0.9882611756490327,-3.7605023226978194,39.640700899494945
-9.449141406956937,0.4106971372116366,-13.74281888513001
-9.361640247884973,1.31909487720967,-27.860571606876174
4.027196020364654,-0.2675009612967578,21.594515790286792
4.15162237118712,-3.7472844295635657,40.85586649984734
9.198782674489337,-4.247168252198861,15.869412276925136
7.534093630076228,1.648384647582576,40.00223653472621
-0.6388066522548819,3.3790816398953947,38.225307360487584
2.5181302337033777,4.240940454199755,75.91200367315534
-0.8563654460746797,-1.1181414640635277,14.211834294685403
-5.541075266644942,4.383158347130925,17.77227468220286
-2.4664600548731457,3.198034720976853,11.649575824156152
-7.922315350706677,-0.7595833163668262,3.8230788141530034
3.3305423798998497,-0.9367996712912783,10.300043714930116
-6.159397125720649,-1.6652119733411053,18.445609380140976
-0.49064425017767377,-4.308833939618336,70.50825115242553
9.348732060427551,-4.902738641014695,26.406806981113725
-9.366621387038254,-2.545013365118134,45.245409892749485
-6.965400998875757,-2.453826509539808,31.778876698223282
-4.028416312565639,2.2966104591271215,-3.980153019350403
8.83613928832509,-3.4262932267200643,11.387190543772832
8.17683592256661,1.9242163396993988,52.960592332821804
-6.759983183760787,2.303352999550744,-13.12029506905277
9.622355465549557,-0.40282839089046707,12.30010478646987
5.014950502588418,-3.8234649561253864,34.27255828390277
0.7995416586519539,2.195096119616272,19.879387492476507
8.634057659229718,4.136472512868444,129.05966595957673
7.61214284353186,-1.3382054582284897,4.379584271956659
-2.173670149654856,2.587397773020264,14.68897932022664
3.126863919588633,2.4191871796706064,45.57786881000831
2.9477029114668714,-4.459578324803886,50.88951017491691
-3.4606362835407083,-4.442923344067141,88.10385474478186
-6.412196506906682,1.766177408867394,-16.153396772316775
-0.6638024507604268,3.309076664156809,35.28433916654789
-4.734379273866818,4.205619033175186,14.099107566727884
-2.89869747267195,-3.583368767425892,55.497007723551995
9.082879377969192,0.8339020819359968,33.77258837404429
-0.7772425893566126,-2.1794691267776436,16.634779618348308
3.697829309531798,-2.7729913291698525,27.983546475498997
-3.27540210464692,2.3838855252867965,-2.5654533922898635
9.917221569015442,-0.8680812167789238,13.607865198865753
3.1753521208333435,-0.6230789133130159,13.11159513545361
-6.079810685088322,3.444012610066153,-1.8140152636001523
-8.03632002757066,-2.613152551895456,31.67661904059861
8.86361142354166,0.2834237773973598,29.75599365479365
8.89555664421255,3.277103806381888,91.84184037774858
2.426567508558623,-3.6811119673625625,34.88993117961634
-9.660170013075135,0.9618297147015706,-26.703361940040256
-5.489302314470241,3.371900874656209,-14.23367961811319
6.025535682370517,2.6446554251011944,61.40737394039427
7.509196586260746,3.8448211037062645,111.00300437694446
-0.9202037117469253,-4.674358009984317,74.31008124908324
-2.68958763445111,1.9145614531084698,3.818039256771403
-4.515499770839096,-2.9606349229344686,53.62713164202174
-7.6605897246725,0.5701872807967137,-10.270593915321514
-7.685109281018061,2.7477889876142214,-19.09784448860478
9.052053968159278,-0.7980853491252624,27.113505275380106
6.1725222945100064,2.0420371070248846,45.579715460415756
-6.7044127882101385,3.404106980261872,-5.280414593268242
-5.8589990023213385,4.457186898643448,5.826447240671641
3.1110310132085353,0.4509310518430283,15.928009222740505
5.293284303672616,-1.839000694998533,10.573757458980761
6.206296905208951,-1.099738466533735,11.106879066752175
-6.7332461732723425,3.6559693412340835,-3.4405622642188267
9.682565760473945,-2.59683369324202,8.27976728123494
-5.443958683699471,3.8326440053359043,1.5192932151987595
1.7883086626139466,-4.421637564778665,53.451648764993934
1.7523151063762015,4.713254983421599,87.5679132603852
9.347237712853602,-3.8089277684063516,6.667959681768027
3.1533488615031597,3.8338905649914707,77.55008724087998
1.6980853264299114,0.4077167806529385,19.347787945137235
0.37545157327953405,0.6132774768382809,8.742332600541449
5.293150761950603,4.806559540470916,120.41954598758342
-7.878894788247499,4.513621100155959,-14.492604217981576
-9.95816197633545,2.986081465165549,-40.37464204139222
9.049777355789274,1.5158344771000394,52.26590830652797
-0.026846409996286624,1.7770138671365485,20.660265051712376
-3.433292423292185,-3.665314719531494,56.21273517124537
-2.6389347983378864,-0.325946725460291,-6.105123897526495
6.0768663223785175,-0.7083419944834013,7.847102151083681
-2.352595751624966,-3.9809087503026275,59.024771713926
5.403383479873858,-4.8867156247635455,38.1768012168927
-1.1907599582429196,-4.8373169235913585,79.90467891081926
6.881549255008828,2.3746657680440997,64.65421400201801
-8.475918719012952,-0.5254398778328362,-12.852107276600917
-0.377433448397273,-0.09425382411811878,1.5269460080770814
-0.6630057957322251,-2.4644339034349327,14.223671366177264
-4.713440413758843,0.40838332920522635,-10.90963244550303
8.872294898893148,-3.727929412967047,14.083809105672623
8.100569157181013,-3.3645027449694567,19.38522479190484
-1.1280739610818493,3.176440331351344,29.916825341560816
-8.056807885690615,-4.725706469186629,107.07721433989855
-5.864337022065811,4.160135123300536,9.06675360527398
-4.570163270730834,-1.6181207585736725,13.137564857499218
-0.31560452957121576,4.321583896562958,58.286835246699056
-3.232457775625437,-4.363012023504669,75.80011027302717
5.482721396009664,-1.8729991210807109,12.652981719687432
-0.47946784729832714,0.9316894348415197,6.880690405982048
7.407410088869071,4.37804841568696,130.29391138286366
9.91563500270561,-4.099964663358237,14.862730472342424
-5.603280999974256,3.0919304521067534,4.935760581752318
2.2334275435020565,1.1302392130314987,19.681769126139134
6.950046210562867,1.4000805445022362,46.768257411644264
8.904732698901686,4.923091013043427,164.8794051666892
-4.198271499032389,-1.7891718594095476,14.11007998497955
4.5408548789275915,-1.3981202878007104,16.637528265465985
-9.699677031658085,0.35853875241851796,-13.30938346330935
7.582848767790669,1.250838481678798,24.726573770253665
-8.721229017707842,-1.8825388023794067,20.07425031152715
4.667907973396382,2.0632353584043592,48.76692108499025
9.892207737353186,-4.178754008769346,20.436656760935467
0.023795615853586582,-3.051952149515542,25.57980483348031
-5.813320185332611,-4.8674813901693605,111.18863568226632
1.8928716577304954,2.4962011220385696,43.202460480561484
2.482999594757816,4.478981046884149,89.86526714626368
3.3614547465729423,2.6871100186294186,39.554207461757215
-6.547765156541978,-3.2712888574664776,52.218832180002494
7.974253848648161,-2.161421370106087,11.112672570945527
2.4198273500095713,1.7117827822152396,23.765908955028905
-9.128625908945263,-1.9055337572978592,30.11659550460371
3.6808212941401237,-0.9318154350293888,13.477957138208879
-6.078319067420002,-2.4419603482882266,42.81328249602461
-9.45318437361091,0.3422675204470247,-13.305119984066371
1.0190655046651091,3.6947629106169515,56.40244478803246
6.266272771619931,-2.6030716961956135,11.821484777011651
7.198822965652937,0.2953723315944323,29.871188875060927
-7.929581497016846,1.6500364910677137,-22.2899582537335
3.2608557136695264,-4.934241746818574,55.29766034483973
4.201504489159401,-2.4702723818857475,16.38230926502016
-4.109660118570211,0.6726742247230275,-6.467819942175889
9.427279973695072,3.251995047326753,96.5994760386915
-4.426250598639063,-2.720385229307467,40.54983871224452
-8.600356212302406,3.9884773632130095,-16.632487650290535
0.38560722285652815,3.2456545502165906,41.22929969397271
3.886297723527157,-1.0592520383546775,6.05924388021538
-5.1068042587472995,3.1347493657677443,-0.5698308517158943
-3.228355955400861,3.492485742866725,22.094808172814005
1.2725596606313943,-2.183397778025941,16.444899479489347
7.733563315790203,-3.848486693995581,18.42919500666375
4.946518118748289,-3.99081147625433,43.98340155301808
-5.808160817704387,3.8075013314111086,5.28398208883536
-4.96445858557794,-0.05597784760943547,-0.8361344142090918
0.47761378334987015,1.7145263536687825,19.733541206886986
5.379173899297282,-1.0994207547464563,10.998380827409035
2.375235563854739,2.802521658714955,45.935950875541145
0.026485326018315547,3.24213187571708,31.85097232266683
1.9425067968048442,3.9253570987327535,73.78889067706064
5.121200582593213,1.4176981280909473,38.397228637533054
0.7415958760068815,3.921204035233103,57.92371096642288
7.955054884080742,3.668531028503601,105.09129738141012
8.941349809805562,-2.2835627151793627,1.701360716278228
8.307090132509835,0.8854788448114013,40.14658233871184
5.090366801200439,-2.378412743922916,12.715601224257941
-5.073579920175543,1.37819157329983,-6.888636899417104
-2.294571079822248,3.97147518193386,26.856085087297135
-4.400000978672987,-0.16860397907885183,0.5553395391825489
3.153204821182097,3.2456016996341734,57.383015937578136
-3.5155675111662816,-4.828954717114424,93.44958979148677
5.0878320980867215,3.671434271519466,76.54435589531867
-7.729818431814353,4.442031638335532,0.6264727994966153
5.507295256853833,-1.8659358252316705,7.982723984932675
1.7180394930667084,2.096455126301117,26.78908405712383
6.7077737429300015,3.1923093839450427,85.12890369878795
-1.3824869573857619,-3.7573203125014065,51.95071909780498
2.499289064177068,-0.8555406810943333,18.91827730821538
1.0882426313102833,-2.9341659332592984,23.720832424298184
9.51342532706163,2.4655889767697623,78.65096132858524
5.1094878283622,-0.9408517259966214,12.730291721643617
0.8962649881523319,-4.998640578527923,69.93672916630011
-6.519358189225592,-2.373663367878515,32.51330458542528
8.082284337002665,-2.966975501838766,10.629081333928193
-5.883244346333796,-4.2523175210064945,86.13533085685579
3.000865135803135,0.30817186951564324,14.942053200788765
8.729437059493886,-1.630551503256389,16.075527813195755
-5.528407395766171,-2.8106860092736285,42.39184786407142
-5.481529185271694,4.366664989863748,18.07157431131421
7.036378208440496,-1.7622187294598657,17.286124603055235
6.5531005193776934,-3.7229741960090115,15.170956740668991
-2.9659329404459083,0.23178321027630489,-3.1078598031388296
-4.698074226363103,3.9233616158791644,14.324643839446756
-7.452230554764747,2.779578258276425,-25.57518396950055
9.758722062002889,-3.518107838074381,10.533739893493877
6.706862017605328,-2.010194648358806,-1.4658051581953533
7.987832098780736,-2.6283136367877082,13.735658490394055
0.27358652020814134,4.27635995532156,54.77244092305471
-7.712303354274521,-2.207132554424618,23.46688463319571
-8.948393230993814,-3.306182070578123,66.89498084677098
-3.3883579437010125,-0.44882840587288797,-7.229054869953268
8.406608659736797,1.1178107807689024,49.92611820144075
8.951636702748942,-3.4148776890293044,12.617339442381363
6.823277315382718,-4.7548939474338345,37.32219856573604
-6.826417130589187,-4.052349838129359,88.12229316211923
-1.6015365777784183,1.5094773321576955,4.607723356728732
-5.075141625997476,-3.365516422717553,55.653683811771025
-5.893004505432695,-2.411565797749946,31.198491043079045
3.696517002212996,1.7571874837646266,28.890282163662622
-0.2777666456046681,3.7136210293704437,46.12606759902268
-3.501807100483485,4.526717207817535,38.31749641799821
-7.995710753303566,-1.1641720549523393,0.671351515327034
0.8952674198325852,-2.736285278595343,21.17188075116583
-3.059496938662061,2.391322741643773,1.7648373131857005
-2.1780838769908106,2.124239086847023,7.092909905906146
-3.789825164105876,4.744225867485715,39.70201013916214
-2.2560959016096565,-4.02111964687435,73.384493397237
1.1171916915545168,3.7814434869587448,57.84442454302741
-9.71712388805914,-3.243397595848653,63.52766209679282
6.952939904469552,2.473353949903661,59.47953728464097
8.438397232578122,4.95425297251635,163.1460066999242
1.0105938091740612,-2.6822155719125442,24.478570707092594
-4.6395776643076765,2.421797956505113,-1.8292460211588972
9.804780004281579,2.7415752361214407,87.47568159450431
-2.3361193998716328,-2.1904063274872696,25.14986362435481
3.8731078858099384,4.212304713720647,92.84231470999815
3.7990509449013903,-4.303359935764624,45.501010180073955
-1.3138187068166012,-2.7112004062925066,29.7863896646451
-6.016836853331549,-2.054205962237008,24.63248986682372
9.331587517747831,-4.09946561406662,18.609844562712293
-8.726182813602586,-2.5474781563774194,30.740228479156855
-0.29701224353906497,2.871633897857695,27.69509045886584
-5.585385804194414,-2.3276645644382867,34.48859965326595
-4.120517355443772,0.06615704703277903,-6.038378893701695
6.570546443890613,-3.6464609077176044,11.641668223569287
-2.6546887403416486,0.916871036754201,-8.363606094945615
-8.333034605823041,1.108703488089839,-21.460708053955134
-6.073819897560295,-2.8173912938401124,38.73013442120529
7.207468205303623,-4.253487276752339,28.375711709735512
9.540577001203403,2.0178471598951466,65.08110395569511
-4.640356787672526,1.3343628494577118,-10.572790996347948
3.5081797540637876,-0.17749857025675997,6.601842288181398
-8.376020050004184,3.954225809307669,-13.54791206462329
4.469311836626966,4.772693753795901,114.61508418264826
-1.6712677519908166,2.3239413214321125,11.414234525541529
8.363198365757835,4.622733583240674,148.18872318470258
-3.769276600933191,-3.52855390616904,55.770340505961684
8.829339948110501,-3.4045429152470383,9.361459451662753
0.06494854165009123,4.990669379827281,78.54347495628537
-3.0221415193250145,-1.2346166484655274,8.815676375125054
2.940391902734172,0.5946009796673701,15.17992850535686
-5.005075933777478,4.447322135561517,27.619169032908953
-5.4047280530096975,1.0397473287821848,-2.5551737122986484
-6.073071107504768,3.700416386858617,-2.1209622340607863
9.197991276516209,2.072964168595174,59.79114773541152
-0.1417254476285308,3.558768979927544,39.24009930639213
5.032299257299865,-0.2970291251008348,15.187799563201374
-0.5201623733867677,4.4938022693633535,65.2001232216339
1.7508032013423396,-3.7473883160163513,38.74838050073536
1.6827796227199734,3.076711402923788,39.959276389904495
9.597726158347754,-2.647077744588734,9.019428954918375
3.3686624835824386,1.1881409318320966,25.09399487359957
-5.2046105685711925,2.762622217013506,1.092682748943413
-9.696046816724502,2.0100093114647466,-34.69398396651296
-5.626357206505743,-0.6039441205881682,1.5828514982485826
-0.8896071540408652,4.303482023706758,44.87954783137337
-2.1315932654703857,-3.3817069008766163,45.328788352159975
6.246524786326983,2.200082464599201,56.221015128372656
5.711135100025048,-2.468195547419506,20.97254410239299
-8.21808064173168,1.879642663971107,-22.49675936667304
9.040214499383879,-3.0937861205603365,8.633480747170115
0.549133547662553,-4.5221899532683905,56.69413902708894
1.92807925719627,2.847923733903724,42.566556814236804
-1.898864573853313,3.1744625510945745,25.550891193576064
2.9900191139100762,-3.375701607832072,35.09433256780312
7.4265260699893005,3.0709953908894985,83.57238976273325
3.4787193363899878,-1.7195795873800703,7.078041568955933
9.401970876390056,0.711474085125988,38.12393502164601
4.0224449932403985,1.0188201463985278,30.755493100726092
6.434414728919528,4.136324109435119,107.80660516261987
-9.099208323623312,0.7023052067105269,-25.316581249044766
3.453970279951008,3.6895650736325134,70.21369997057883
3.0950528890783247,-0.7847971731652343,9.328449229351211
-7.965078980367526,1.531723101962247,-24.809481842913794
6.847749921272204,-3.0853391618623602,19.09367077202049
2.283448078022614,2.1221430459004758,32.499725576519374
-8.033438192301341,4.277545759374291,-9.391408980807725
1.8893423744536708,-0.728236305117588,8.206711318114401
-0.43168303342051395,1.4728954690191802,1.9958318957733656
-5.334128602243893,0.44297973505556065,-7.0176590023925876
-9.604878188406582,-4.854990992866973,119.48141866721745
-2.688654376284765,4.077829581503998,31.676304229266492
2.397021549401524,3.0929034057669096,47.30610938312586
-3.4144173302541443,-0.8451523689121787,6.975462265450686
-3.854906949688557,-4.090317035419815,68.91324350134863
5.0224248424729865,-1.4840465922534807,10.236974102651866
5.172492951116258,0.2564181754770498,25.00767872116684
4.375316709583503,-2.5582663667431795,8.747815256963783
-7.976360917896224,3.325050918897741,-17.002032161700548
0.32331913943886903,-2.0452296845908666,21.524685169162872
1.1559732073043687,-2.950668096279929,25.176182182896344
4.896090538807883,-3.271359954309818,22.976869468920768
8.063554445217346,2.262695914100269,57.047900539965696
-2.6192226792379607,0.46622686461619267,-9.46196653866485
-1.426730553218409,1.9597439895329032,13.084833578587162
4.655349847972602,-2.096548953540548,11.221280960751344
3.2527283734041426,-0.9999691433984195,3.0629053686493624
1.1573980183678287,3.956072728635162,58.76756169678498
-2.9972073599409494,-1.695975401907023,18.281539904826612
-6.092953068857829,4.029491365981089,7.453401777464675
-6.32385255984472,4.662854404361218,18.586793688116508
-8.368334191002546,-4.804659258246108,115.30809064326309
-8.375983002278225,-0.057695749087196546,-14.15427456108696
6.915964472674915,1.2205600350339179,37.617661082416
-2.326545016522852,-4.87498600593379,93.65666504602984
-8.785207541031031,-1.498357523802376,12.037090642816628
7.928513430704797,-4.719563914944837,36.342144374584166
-5.53459051292871,1.1649147600006327,-13.336440201472495
-4.637511393774309,-0.36841697539627827,8.882237009198874
-6.1100432091114865,-2.3708501043976016,22.773329585526685
9.350021197655863,2.775902765090704,93.42324980776722
-7.7491982766339085,0.4291440888452662,-22.421587565317243
4.44326484329353,-1.675727663688813,17.25803337428266
8.641774860878215,4.35302906924476,135.98598493768145
3.360025906446083,4.758343650786836,101.36107709147626
7.174532189053288,-3.175989410402692,10.886582002911545
-5.151057961734966,4.783917949684906,21.751528241162816
3.4785595718771685,0.8760401868343539,22.239275119599444
4.017426799336354,3.753584324410392,80.22421089764191
-0.8333497465404847,-2.0850247376367648,18.039394569660217
7.41091241227069,-4.533922603537311,30.957511188830072
3.8877220033715094,-4.874149187431582,51.26702335807799
7.897555822776656,-0.6906891475828294,13.381294757540935
5.064087065469591,-4.954511507485986,55.563816061791236
0.4058084262699513,-0.5451857310115162,1.8334778737790725
-0.026235680087136615,2.439702473138384,25.313649803945705
-0.9254474659989871,1.6833425214924826,7.006029279837719
-9.567062742938683,2.3195549793270542,-38.91795794515934
0.7028280003043346,0.9458087818094194,15.39482425744107
-1.540535325714723,4.539898140554538,46.39040874813883
-6.84932807794727,-2.5989733049582284,35.94302314442363
-7.618606032261386,4.0382650839220435,-2.1171163154378503
-1.0129624337267717,4.8172871994429975,61.33719260115505
-9.20173892907501,-4.964519296368762,133.77196050331614
9.731597782009064,-0.6886221403480617,13.591198521788659
-2.437581373861528,1.760722110475684,2.519463280323863
-2.357816140977369,1.1453555067968608,9.591816261296735
-8.977473989266265,4.892436884949905,-1.3507659711903646
-1.4665533209472272,1.6036808219780099,6.685371906302517
-9.685091253735166,1.1744618503157014,-30.564208623285765
-9.398127333343421,4.263293197146554,-19.235275154132427
-3.2180153367519075,4.021144326560908,35.91066689031832
6.419378954917551,3.341859301765254,94.38207516420499
-0.8235784013480707,-0.926253199235461,3.971781188007507
-9.703188415880247,1.9749820164434748,-24.22892355876735
-6.735599366208502,4.559998930908391,-0.05105578508022379
4.798454439035959,-2.6011394820068325,19.11354679180369
4.765874742894361,-0.12018766032027983,15.587717808494586
5.090458128098268,2.5757118660626084,59.95660582305907
-2.9666124763292956,0.9776540584276718,-6.578327798112804
-2.9544610592204323,2.8374808386723513,11.400216213469388
6.041513340779659,-2.3598955113787277,3.095538064492052
-2.0372422902166987,-3.691745587497377,49.94361612980523
4.543820101211262,-0.28787381576325366,12.289166044442709
1.6224601776236014,1.6481460379985178,21.377718826245047
-2.713166408505816,0.9754640959385794,12.41821899549831
-8.399869599897418,1.10675478546756,-24.61688951806338
-7.677492470532783,-4.07338133686689,86.43660850293246
7.791174466178084,-0.08681208633857906,13.830393474283078
-0.9531897995523035,-2.9753496488438156,24.473863412607507
9.880090778688707,2.106780464042953,73.79030121620534
-2.722061030129888,0.5841916766980564,2.721673769053212
-5.000913906601346,1.0077755215750406,-16.3918939374809
-2.989213603780245,0.9556689492098105,-10.972520195084762
-3.1382780607201477,-1.9378652113090231,15.9323403774622
2.747134632589292,-4.166307800571722,53.73564759324634
-9.745248726321877,-0.8691093582490508,-6.96062066916708
5.265372745343033,-2.0225858610556866,15.237787773311682
-1.6717074960590992,0.6970748909427469,2.023500390969187
-1.3552161266069618,-2.7686225162326505,29.40441521191468
-0.37769969738526754,-2.7629820268370073,25.68916785045244
-1.0157510240756356,-1.7484400932321398,16.028506184267684
-0.05058201879209889,-3.26675507056839,35.60778530194989
-3.081913792849507,-0.979892388675073,4.2500535032052085
-0.9330772621944501,3.240172008629406,29.057294417740096
-1.9069732863807065,3.520043841866533,33.84734744931319
0.3648543595415745,-3.917529404224349,50.69103427174441
2.465381697122556,-1.6926985891674051,12.611486377426562
-5.1791878556495,1.1321208511255758,-3.395588732682798
0.16874297616288736,-2.730514942999008,25.67274642275343
1.892438384218078,4.19476909451234,80.64484094170729
-9.661033708197893,2.0663337004475775,-34.83630330973001
0.4098747731455674,-2.797100609925595,30.22711811228895
-5.214135079468387,-3.933171819527578,70.12786881637473
-1.9092290411070483,-4.262241426273919,67.54555912995068
6.53060324714766,-3.1202592187970266,13.487300613638325
-3.475288064790756,-1.0445211808263641,5.290581795257401
-0.3356615250175583,2.507886462272336,18.43150460114656
-9.505176926797692,-3.5900105184264772,77.85395943153587
-3.824982436695592,-4.635377909477006,84.28173811334632
2.794421861721638,3.91700574873102,75.71908415111704
-3.696764508811845,-1.6462447468854222,26.600834339523555
-5.8840498763640685,-1.696383978558702,9.062261498279593
-4.186886402206998,0.25107412038587285,-16.622093281709155
9.087566136178864,-0.8017027054658765,9.234046771839655
-8.263963554954437,-2.047698749073792,30.15092913768742
-0.7328447285057074,2.1557932071853063,11.55105105943441
-8.83226192682751,2.921686008146784,-22.87601516248285
0.7731648257763837,3.262796723855562,47.01398277506117
-7.079285260311046,2.7003027655948806,-17.21337638024548
2.681696104943473,1.904278133057943,33.3261019672322
-4.712050750197577,-3.0698764357881925,34.198933969351415
3.818307778445252,2.316503905921204,46.17553757437773
-3.0570788066254195,-2.252886182028808,28.439723601803
-9.91663022784848,2.2181752313299103,-33.56475601849765
-4.102105819635103,-4.021370969293865,75.07187847608101
